<?xml version="1.0"?>
<info xmlns:xsi= "http://www.w3.org/2001/XMLSchema-instance"
      xsi:noNamespaceSchemaLocation="https://apps.nextcloud.com/schema/apps/info.xsd">
    <id>video_converter_fm</id>
    <name>Video converter (PFE)</name>
    <icon>img/convert_icon.svg</icon>
    <summary>Convertir des vidéos dans l'interface web</summary>
    <description><![CDATA[Convertir des vidéos dans l'interface web

*  **Fonctionnalités:**
    * Conversion vidéo
    * Option de préréglage

*  **Exigences:**
    * FFmpeg

*  **Contributeurs:**
    * Clément Deffes (clement.deffes.1@ens.etsmtl.ca)
    * Simon Bigonnesse (simon.bigonnesse.1@ens.etsmtl.ca)
    * Nicolas Thibodeau (nicolas.thibodeau.2@etsmtl.net)
    * Abdessamad Cherifi (abdessamad.cherifi.1@ens.etsmtl.ca)

]]></description>
    <version>1.0.6</version>
    <licence>agpl</licence>
    <author mail="clement.deffes.1@ens.etsmtl.ca">Clément Deffes</author>
    <author mail="simon.bigonnesse.1@ens.etsmtl.ca">Simon Bigonnesse</author>
    <author mail="nicolas.thibodeau.2@etsmtl.net">Nicolas Thibodeau</author>
    <author mail="Abdessamad.cherifi.1@ens.etsmtl.ca">Abdessamad Cherifi</author>
    <namespace>Video_Converter_Fm</namespace>
    <category>multimedia</category>
    <category>tools</category>
    <website>https://github.com/Funambules-Medias/nextcloud-dash-video-converter</website>
    <bugs>https://github.com/Funambules-Medias/nextcloud-dash-video-converter</bugs>
    
    <navigations>
        <navigation>
            <name>Conversions</name>
            <route>video_converter_fm.page.index</route>
            <icon>convert_icon.svg</icon>
            <order>10</order>
        </navigation>
    </navigations>

    <dependencies>
        <nextcloud min-version="25" max-version="32"/>
    </dependencies>
</info>

